{"cameraMode":{"drawMode":0,"name":"Shaded","section":"Shading Mode"},"sceneLighting":true,"audioPlay":false,"sceneViewState":{"showFog":false,"showMaterialUpdate":false,"showSkybox":false,"showFlares":false,"showImageEffects":false,"showParticleSystems":true},"in2DMode":false,"pivot":{"x":1.9043117761611939,"y":-0.32049256563186648,"z":3.873058557510376},"rotation":{"x":0.2798798084259033,"y":0.30147966742515566,"z":-0.09305989742279053,"w":0.9067068696022034},"size":10.455020904541016,"orthographic":false}